pretty_formula,material_id,band_gap
KAgTeS3,mp-1211732,1.6838000000000002
Sm5AgS8,mp-37923,1.6384999999999996
H4Pd(NO4)2,mp-1193008,1.5880999999999998
AuSCl5,mp-28192,1.56
AgPb2Br5,mp-621612,1.9341
Ba6LiNb2Ir(ClO6)2,mp-1235867,1.5421999999999998
AlAgS2,mp-7885,1.7077
AgNO3,mp-552185,1.8539
MgAg4Te8(MoO12)2,mp-1233997,1.8913
NaSr6H17Pd2O17,mp-1221694,1.5143999999999995
K2TbAuCl6,mp-1112060,1.9648
VAgO3,mp-559736,1.6283
AgCO2,mp-1182953,1.976
AlAgS2,mp-1096820,1.6349999999999998
H16RhN5(Cl2O)3,mp-866658,1.6753999999999998
TmAgSe2,mp-1188652,1.7246999999999997
LiAuF6,mp-1079483,1.8673
AgH12C4S5N,mp-698405,1.747
Si2AgN3,mp-1246476,1.6338000000000008
Cd2P4PdO8,mp-1214873,1.7623
LiAu(S2O7)2,mp-1105750,1.9833
Ag3B5O9,mp-1194638,1.8021
Ag3AsS3,mp-555843,1.6989
ZnAg2(PS3)2,mp-1207470,1.7679999999999998
TcAgO4,mp-7206,1.6034000000000002
Ba7Ga5AgSe15,mp-1198460,1.904
K6Al11Si13Ag5O48,mp-686585,1.5983
Ag2WO4,mp-637188,1.9382
H8PtO6,mp-625208,1.938
H16PdC4S4(N5O3)2,mp-1212583,1.6554000000000002
KTa(AgSe2)2,mp-571288,1.7478
K2OsNCl5,mp-640057,1.6138000000000003
Li2PtO2,mp-1177862,1.5326
NiPtF6,mp-558838,1.6021
TlAgI2,mp-27801,1.5659
Rb2YAuF6,mp-1111399,1.5261
P2PdO6,mp-29274,1.6196000000000002
Pd(SeCl3)2,mp-28175,1.7002
Rb3AgO2,mp-553907,1.5831
H8PtO6,mp-625112,1.5662000000000005
AgN3,mp-571297,1.6314999999999995
Cs2NaRhF6,mp-1111979,1.9082000000000003
Ag4Bi2O5,mp-28996,1.6389000000000005
AsIrS,mp-1228823,1.8630000000000004
Ag2Pb8Cl4O7,mp-667327,1.9106
Ag2H6PdS2(NO3)2,mp-1202149,1.8949
Pt(C4N3)2,mp-1246801,1.94
AgBiO2,mp-996968,1.6897000000000002
VAgO3,mp-1178815,1.9488
LiAuC2,mp-29868,1.5321
Cr4AgBiO14,mp-23565,1.7973
BaMg2H8Ru,mp-643451,1.9107
KMgAg2SbS4,mp-2222914,1.9403
NaAgH2(SO2)2,mp-1196131,1.8718
NaAu(IO3)4,mp-1202202,1.9991
VAg2AsO6,mp-1188566,1.6130999999999998
LaTa2AgO7,mp-1222747,1.5627
CoPtF6,mp-556492,1.9373
Rb2AgBiBr6,mp-1110811,1.582
Ba6LiNb2Ir(ClO6)2,mp-1235210,1.6881999999999997
Cs2NbAgSe4,mp-14637,1.8213
KSnAuS3,mp-1223460,1.6528
RbAg4I5,mp-676813,1.7041999999999995
Na2AgMoF6,mp-1111323,1.7775
Rb2Ag2GeS4,mp-555852,1.907
ZnAgF3,mp-14099,1.5852
IrCl3,mp-729507,1.6759999999999995
Tl2PtCl6,mp-27834,1.7373999999999998
H12PdC2(N3Cl2)2,mp-1198297,1.7472
Os4C13SO13,mp-649945,1.96
K2IrCBr5O,mp-648833,1.815
Sc2Pt2O7,mp-778152,1.8009000000000004
BaTb2PdO5,mp-9760,1.8352
Tl3PdCl5,mp-29460,1.633
Ba6CdAg2(SnS4)4,mp-532680,1.7026999999999997
NiRu5C17O16,mp-1196196,1.9237
Ca2Al11Si13Ag7O48,mp-706809,1.7357
Cs2TlRhF6,mp-1112340,1.9056
Os3C10O11,mp-726426,1.6394
Ho2MgAg2(WO4)4,mp-1234092,1.6027000000000005
AgTeO3,mp-558637,1.6662000000000003
PAuO4,mp-1095283,1.706
K4Pt2(SO4)5,mp-556254,1.7050999999999998
SiP4PdPbO14,mp-1194892,1.8533
CsAu(SO4)2,mp-555376,1.5932
Nd4Ag2Se7,mp-675678,1.5042
MgAg2(CO3)2,mp-2239850,1.5001
K2PAuS4,mp-9509,1.5691000000000002
Zr2AgN3,mp-1246060,1.6275999999999995
Rb2NbAgSe4,mp-9764,1.7584
DyAgS2,mp-1200233,1.7002000000000002
Y2Au5F21,mp-30309,1.7087
K2RuN3Cl3O5,mp-710913,1.7325
Sr2RhF7,mp-541114,1.9751
Ag4Hg4S4BrCl3,mp-1229155,1.5993999999999997
NaAu(SO4)2,mp-561190,1.753
HRuRh(CO)6,mp-1225095,1.9221
H8PtCN8,mp-567511,1.9094
IrBr3,mp-27397,1.5604000000000002
Os4C13(SO6)2,mp-662796,1.8985
VAgO3,mp-1100926,1.7207
K3AgO2,mp-572510,1.8096
AgPO3,mp-18702,1.9166
Ba(AuF6)2,mp-558168,1.5741999999999998
Pr5AgS8,mp-34486,1.5768000000000004
Pr2ZnPtO6,mp-1209351,1.6650999999999998
ScAg(PSe3)2,mp-13383,1.6441
K2TlRhF6,mp-1111368,1.9609
LiAg(CO2)2,mp-985575,1.6986999999999997
Nb3AgO8,mp-16837,1.5603000000000002
K2RuBr5NO,mp-560144,1.6301
ZnSi(AgS2)2,mp-1189914,1.6859000000000006
H8PtO6,mp-625113,1.5297
H8Pt(NCl3)2,mp-24227,1.7803
Sr3GdRhO6,mp-17355,1.9628000000000003
Si2AgN3,mp-1247312,1.8528
ScAuO2,mp-11023,1.7796000000000003
AgIO3,mp-1202188,1.8069
Li2CuAg,mp-1096285,1.8349
Na2LiRhF6,mp-1114234,1.8438
Fe2Os(CO)12,mp-683792,1.6895
Cs2GdAuCl6,mp-1112633,1.5419
Ho2Pt2O7,mp-755635,1.5068999999999997
Rb2Ti(AgS2)2,mp-1209316,1.5994
YAg(WO4)2,mp-1047110,1.9677
Ba4(PtO3)3,mp-860960,1.5671000000000004
Ba4AgAuO6,mp-556896,1.8623000000000005
La5Ti2AgS5O7,mp-555253,1.5128000000000004
BiRu2(CO)6,mp-652854,1.78
Cs2CoAgF6,mp-1113539,1.8768
FeAg(SeO3)2,mp-704626,1.6046
AuCl,mp-32780,1.9094
Gd4Au2O9,mp-623092,1.8749
H17RuN6Cl3O2,mp-1182775,1.5332
H12RuSN4(ClO)2,mp-773113,1.9291
AlRhO3,mp-1178547,1.7659000000000002
Rb2PdN2(ClO2)2,mp-554602,1.5977
Ag2MoO4,mp-19318,1.8731
K3H3Pd,mp-707337,1.7674
H8PtO6,mp-626835,1.9426
CaHgAu2,mp-1093882,1.6528999999999998
Ag2Mo3SeO12,mp-556429,1.5519
H12Pd(N5O4)2,mp-557991,1.8438
Ba2H6Os,mp-697044,1.9655
Cs2Pt3S4,mp-13992,1.6386000000000005
Sr(AuO2)2,mp-9298,1.5463
Ba2InAgS4,mp-1197611,1.7053999999999996
In14Ga3Pt2O8F15,mp-40373,1.9925
RhSe2Cl7,mp-613545,1.8899
Rb2PdCl4,mp-1025201,1.7485
Cs2AgAsCl6,mp-1113543,1.5886000000000002
Li2PdF6,mp-13985,1.6748999999999998
Ba6LiNb2Ir(ClO6)2,mp-1235093,1.5034
K3IrCl6,mp-541141,1.9930000000000003
K2Ag4Pd3(NO2)12,mp-553936,1.5334
Na2P2PdO7,mp-8989,1.6031000000000002
Ba4PtO6,mp-8727,1.8104
Ag2Se,mp-1183005,1.7115
Ca3Ge3(RhO6)2,mp-1214274,1.5931000000000002
K4P2PdS8,mp-863747,1.7116
H13RuC5SN2(ClO)3,mp-1204771,1.8271
VAg(HO2)2,mp-24576,1.8228
K2H4PtC6S6(N3O)2,mp-696056,1.5465
Rb2Pd(NO3)4,mp-555122,1.7806000000000002
SmAgS2,mp-1205094,1.9792
H15PdRuN9O11,mp-1203988,1.9013
Ca(AuF6)2,mp-28153,1.5298999999999998
P2Pd3S8,mp-3006,1.5779
Li3AuO3,mp-7471,1.8711
AuN5O14,mp-560745,1.7689
AgH2CS2N,mp-1192660,1.9599
La2Ti3(AgO5)2,mp-6000,1.9408000000000003
Ag2NClO3,mp-557303,1.7100000000000002
TaTl2AgS4,mp-558241,1.9437
Ba2PdF6,mp-29794,1.5301
MgPdF6,mp-7921,1.8285
K2Pd(NO3)4,mp-1197132,1.8303
AgI,mp-684580,1.704
Ru2C7S10N10(Cl4O3)2,mp-735424,1.5099
Rb2ScAuBr6,mp-1111714,1.7436
Ba9(AuO6)2,mp-28788,1.8827
H8PtO6,mp-625154,1.6174000000000002
CsAuCl4,mp-1095499,1.8897
Rb2PtCl6,mp-23350,1.9459
Cs2PdCl4,mp-30314,1.852
AgAsF6,mp-37153,1.6806
Ca2P4PdO8,mp-1214415,1.7339
LaAuO3,mp-28853,1.7977
Na3Li3Rh2F12,mp-1210682,1.9933
RbAgTeS3,mp-1209320,1.8309
Na2Pd(S4O13)2,mp-1195013,1.5456
NaLi2IrF6,mp-1111346,1.8335
CsAu(IO3)4,mp-1200560,1.9345
BaPd(IO3)4,mp-1106270,1.9058
AgI,mp-567809,1.5986
Os6C19SO19,mp-662802,1.7147
Os5(CO)16,mp-680248,1.9933
Na2AgSbF6,mp-1111317,1.6667999999999998
Te2Ru4(CO)11,mp-651231,1.7386
Ag2Hg(SeO3)2,mp-558763,1.8132
MnVAgO4,mp-542979,1.7464000000000002
Cs2ScAuF6,mp-1112595,1.8594
Pr3SiAgS7,mp-863751,1.8048999999999995
BaH8PtC4(NO)4,mp-720904,1.5012
K2H2IrCl5O,mp-23801,1.8583000000000005
AgN3,mp-2247,1.5714
K2CrAuF6,mp-1111943,1.5844
LiAgF2,mp-1176792,1.8912
CsNb4Ag(PS10)2,mp-1226881,1.5918
TmAu2F9,mp-14761,1.8684000000000005
V2FeAg3O8,mp-1192650,1.6188000000000002
P4PtIO10,mp-736701,1.5358
K2PdN2(ClO2)2,mp-655297,1.727
K2Nb6Ag(PO8)3,mp-686747,1.6358
AgH6C2N5O4,mp-1202721,1.992
Dy2CoPtO6,mp-1213101,1.7675999999999998
Ru4C14O13,mp-653243,1.9679
Na2Pd(NO2)4,mp-558335,1.9466
Rb2PdC2,mp-10918,1.5802
Li2FeAgF6,mp-1111363,1.5286000000000002
K2Os(Cl2O)2,mp-23097,1.7383
AuF3,mp-942,1.5542
Ba6LiNb2Ir(ClO6)2,mp-1235768,1.5303999999999998
RbAu3Se2,mp-9385,1.7326
AlAg(WO4)2,mp-1047169,1.5724
Fe2Te2Ru2(CO)11,mp-651724,1.6949
YAgS2,mp-1096795,1.7042000000000006
TlAuCl4,mp-28368,1.7616999999999998
CoAgPO4,mp-505353,1.7129000000000003
BaAuCl,mp-1100397,1.9626
KP2AuS7,mp-976587,1.5497
KAgTeS3,mp-1211783,1.8269
RbAuSe,mp-9731,1.7116000000000002
NaAu(S2O7)2,mp-1198003,1.7895
AuC4(N2O)2,mp-1192181,1.7397
Ba2ZnAg2(SeO)2,mp-622268,1.6140999999999996
Rb2CrAuF6,mp-1110593,1.6646
Dy2Pt2O7,mp-1178365,1.5345
LiAgAu2,mp-1093804,1.7120999999999995
BaAgTeF,mp-16742,1.5109999999999997
Tb2Au5F21,mp-541348,1.6596
Ga2PdBr8,mp-30945,1.5761999999999998
TaAgN2,mp-1246632,1.9408
GaAgGeS4,mp-1224946,1.662
Rb2LiRhCl6,mp-1206187,1.6499
PtO2,mp-7868,1.5362
Tl2Hg2PdCl8,mp-569675,1.7216000000000002
Ag6Mo10O33,mp-504579,1.771
Mg2NiPt,mp-1093934,1.5702
TaAgO3,mp-1187189,1.7306000000000004
Cd(AuF4)2,mp-29169,1.7789
AgMo4H22C8(NO5)3,mp-603946,1.9177
Ba4(PtO3)3,mp-757840,1.5953000000000004
CrAg(SO4)2,mp-1213773,1.9491
AgI,mp-1182980,1.8797
SnH12Pt(N2Cl3)2,mp-707441,1.834
FeAg(SO4)2,mp-1212721,1.6382999999999996
H8PtN2(ClO)2,mp-23858,1.7313
LiAgF2,mp-752882,1.5272
Rb2SbAuS4,mp-556894,1.5357999999999998
Au2S,mp-947,1.9091
CrAgO2,mp-19378,1.6634000000000009
K2RuNCl5O,mp-541361,1.7947
AgSbF6,mp-3414,1.7739
Rb2LiRhF6,mp-1113707,1.7225
KV2Fe(AgO4)2,mp-1103811,1.9738
Cs3Ag9(SbS3)4,mp-1226259,1.5938999999999997
AgSb3PbS6,mp-1229272,1.5029
Ag2Mo(I2O7)2,mp-1203404,1.9611
Ba4InAgS6,mp-1195568,1.6864
CsK2RuF6,mp-1112313,1.66
CoH15Pd(NCl)5,mp-1204542,1.6232
K2InAgF6,mp-1112283,1.6678000000000002
Sr3InRhO6,mp-669389,1.5007
TaAuN2,mp-1246762,1.5015999999999998
KCr2AgO7,mp-559172,1.6229
Cs2H4RuNCl5O3,mp-707803,1.8073
H48PtC32S4(N3O4)2,mp-1202135,1.6557
K2LiRhF6,mp-1111665,1.7665
Cd(AuF6)2,mp-557715,1.8309
Zn(AuF4)2,mp-17512,1.7174
K2Pd(NO3)4,mp-556518,1.9068
H14RhC6NClO4,mp-561074,1.7483999999999995
Si4Te2H44Pd(C8Cl)2,mp-1200140,1.9208
Ba4Ga5AgSe12,mp-1228309,1.5706
Dy5AgS8,mp-35512,1.731800000000001
Li2PtO3,mp-531826,1.734
BaNaH3Pd,mp-862693,1.5042000000000002
H6Os5Pt2(CO)17,mp-720469,1.7221000000000002
AgNO3,mp-8196,1.7204
Rb4Au6S5,mp-29090,1.698
PtO2,mp-617,1.6099
Ag3SbS3,mp-1104271,1.8371
La3SiAgS7,mp-17719,1.9663000000000004
H6PdC2(SO3)2,mp-1197675,1.5616
AgAs(SeF2)3,mp-1191037,1.6736
Cs2AgBiCl6,mp-1078258,1.8663
Li5AuO4,mp-1222442,1.8762
La3SiAgSe7,mp-6485,1.6531000000000002
TmAg(PSe3)2,mp-13385,1.7789
V2AgP3O11,mp-1216770,1.7981000000000005
NaH9Rh2C5O12,mp-1201841,1.7058999999999995
Sm3SiAgS7,mp-863032,1.8405000000000005
AlNiAg2F7,mp-1214829,1.9697
Ag2Pd(NO2)4,mp-1195817,1.8404
CsK2PdF5,mp-8959,1.8661
KAgF4,mp-7387,1.7377999999999998
VAgO3,mp-624691,1.6463
ZnAgPO4,mp-1207494,1.7170999999999998
CoAgPO4,mp-1275604,1.7666000000000004
Ag3BiO3,mp-505145,1.5250000000000004
Pt(SCl3)2,mp-28722,1.8217
P3RhO9,mp-14935,1.6795000000000004
ScCr2Ag(H2O5)2,mp-559606,1.7683
Rb2NaRhF6,mp-14038,1.957
Ba2H4Pd,mp-1193896,1.7035
FeAg3F6,mp-1205948,1.7972
Cs2PrAuCl6,mp-1113408,1.9281
H17RuN6ClO3,mp-1212573,1.8939
Ag2BrNO3,mp-556345,1.6045
KP2H4PtO9,mp-1195234,1.9184
Nd2NiPtO6,mp-1209936,1.8452
RhCl3,mp-27770,1.5212
Rb2AgSbS4,mp-557540,1.6372
Ba2H2Pd(S5O17)2,mp-1195529,1.5874
KAgCO3,mp-1191888,1.5675
Cs2AgAsS4,mp-561622,1.5615
Ba4Ti2PtO10,mp-558894,1.9973
LiAgF2,mp-752767,1.634
Ag3AsS3,mp-561620,1.6277999999999997
AuS5N5Cl4,mp-561470,1.7333999999999998
AuBrF6,mp-30159,1.6361000000000003
TbAgS2,mp-1208370,1.5681000000000005
Cs2AlAuF6,mp-1113113,1.5293
Cs3Ag(AsSe2)4,mp-1199633,1.6042999999999998
Tb5AgS8,mp-33449,1.7047999999999996
Ag6Mo10O33,mp-1205440,1.8778
AgSbS2,mp-1182950,1.7447999999999997
Cs2YAuBr6,mp-1112918,1.863
NbAgN2,mp-1245369,1.6891000000000005
CsAuSe,mp-574599,1.7093
Rb2Hg2PdBr8,mp-567515,1.5753
La3AgGeS7,mp-617632,1.9759
PtCI2O,mp-558381,1.5982
Os2Xe(O3F5)2,mp-1205001,1.9286
PIrS,mp-1220004,1.8653999999999995
AgIO3,mp-849271,1.9765
YAgS2,mp-1207671,1.7034000000000002
PtCl2,mp-23290,1.7917
AgMoPO6,mp-14029,1.9428
AuSCl7,mp-556587,1.8191
NaLi2RhF6,mp-1111095,1.9166
AgH4WS4N,mp-643431,1.7101
Na2Pd(NO3)4,mp-560120,1.7034
Li2AgF3,mp-760805,1.9409
Pr2Au5F21,mp-14715,1.729
Na2GaAgF6,mp-1111329,1.5786
K2ScAuBr6,mp-1111993,1.7408
IrCl3,mp-568208,1.9582
Ru(C4N3)2,mp-1245789,1.8182000000000005
Li2AgF3,mp-760580,1.9705
K2Sn(AuS2)2,mp-557121,1.6433
K2Ag4Pt3(NO2)12,mp-557863,1.6828
AgNO2,mp-5770,1.7726
LiZnRhF6,mp-1222336,1.5896
Cs2AgSbCl6,mp-1112940,1.6624
Ag2TeO3,mp-18068,1.6272999999999995
Na3AuO2,mp-28365,1.9715
CsRb2PdF5,mp-8202,1.7853
TlAu(CN)2,mp-569173,1.7415000000000005
ZnH18Ru2Br7N6,mp-707342,1.5730999999999995
H2Os5(CO)16,mp-707849,1.7437
P3RhW2O15,mp-1194839,1.5049
LiHg2Au,mp-1097526,1.7888000000000006
Cs2ScAuBr6,mp-1112631,1.7173
Ho2CoPtO6,mp-1212356,1.7584
K2PtC4(BrN2)2,mp-568299,1.9429
Hg2P4PdO8,mp-1213487,1.6023
Ho2Au5F21,mp-541349,1.6192
K2H6PtC4N4O3,mp-720283,1.8723
La2Au5F21,mp-3817,1.8445
Na2AgSbCl6,mp-1111538,1.5820999999999998
K2PtCl6,mp-23513,1.8566
MgV2Ag2(HgO4)2,mp-2232484,1.5692999999999997
ErAg(PSe3)2,mp-13384,1.7618
P2PtO7,mp-29282,1.5197
KH2OsNCl4,mp-1211579,1.5572
Ag5CF4,mp-29536,1.9268
Al5AgS8,mp-1228170,1.5406000000000004
RbAu(SO4)2,mp-555741,1.7149
Pd(SCl3)2,mp-28174,1.7553
Pr2NiPtO6,mp-1209764,1.8264000000000005
Ca2V3Ni2AgO12,mp-705890,1.79
AlAg(WO4)2,mp-1047674,1.5337999999999994
Li2AgF3,mp-752793,1.9648
CsAgBr2,mp-571100,1.7972
Ba(AgO)2,mp-1096838,1.7273
Ag2W2O7,mp-32537,1.9614000000000005
BiAuCl6,mp-567414,1.6272
H8RuN3Cl5O,mp-1212914,1.8003
K4Na2H18Pd(IO10)2,mp-757218,1.6804
CsAgSb4S7,mp-554408,1.6887
Ag3N5O6,mp-562667,1.9021
NbAgO3,mp-5537,1.7878999999999998
Sm3AuO6,mp-10560,1.7477
Cs3AuO2,mp-572441,1.7399
TaNb(AgO3)2,mp-1217947,1.7114000000000005
K2RuNCl5O,mp-560966,1.7638
Ag2Bi2S3Cl2,mp-559071,1.6367999999999996
CrNiAg2F7,mp-1213740,1.6573999999999998
VAg(SO4)2,mp-1207873,1.6570999999999998
Pt(CN)2,mp-1247533,1.7825
Ag2SeO3,mp-16913,1.7022
Rb2TaAgS4,mp-15217,1.8622
K2OsNCl5,mp-1205451,1.8403
VAg2(PO4)2,mp-19478,1.812
Ru(CO)4,mp-616541,1.927
BaHo2PdO5,mp-9785,1.9437999999999995
RbAuC4S4(OF)12,mp-1200298,1.8291
ZnAgPO4,mp-1216213,1.8947000000000005
Rb2ScAuF6,mp-1110582,1.6982000000000002
LiAuF4,mp-554442,1.9809
Lu2Pt2O7,mp-753414,1.6988999999999996
Na4Al11Si13Ag7O48,mp-695373,1.5011
Li2AgAsF6,mp-1111365,1.8182
K2AgSbCl6,mp-1110873,1.6025
CaPtO6,mp-1365085,1.9818
Pr3AgGeS7,mp-862792,1.8295000000000003
AgAsS2,mp-542609,1.5178999999999996
Gd3AuO6,mp-10559,1.5063
Li5AuO4,mp-757242,1.9588
KAgCO3,mp-672695,1.5687000000000002
HoAgS2,mp-1199297,1.5202
Ir(SeBr3)3,mp-1195337,1.651
K2PdF4,mp-28163,1.8732
AuSO4,mp-30003,1.65
IrCl3,mp-27666,1.897
H2Ru6(CO)17,mp-720808,1.5791
AgN3O4,mp-644729,1.9626
Li2CoAgF6,mp-1111099,1.7043
PdCl2,mp-29487,1.5592
Mn2Ru(CN)6,mp-569321,1.9348
Rb2YAuBr6,mp-1111712,1.6251
H8PtO6,mp-625111,1.6046999999999998
MgZn2AgWO6,mp-2215830,1.8204
Nd5AgS8,mp-37449,1.6121999999999996
Na2YAgF6,mp-1111092,1.6589999999999998
Nd3SiAgS7,mp-864666,1.7708999999999997
Ag2H2C2N6O13,mp-1196868,1.8311
Ba3PtF12,mp-1214989,1.5128
RbAuCl4,mp-569442,1.9363
MgCuAu2,mp-1097319,1.6646999999999998
Ta3AgO8,mp-849326,1.7546
Ba2H6Pt,mp-643253,1.7589
Os2C6SO6,mp-662792,1.9976
VCdAgO4,mp-541708,1.8437
AgMo3(PO7)2,mp-17427,1.9584
LiAuC4S4(OF)12,mp-1201845,1.5318
CaV4(AgO6)2,mp-16967,1.9174
Ca2Mn2V3AgO12,mp-532537,1.8921
BaDy2PdO5,mp-9740,1.7855999999999996
K3Ag9(SbS3)4,mp-1224211,1.6252999999999995
Na5AgGe2S7,mp-1194446,1.7581999999999998
LiAgF2,mp-752525,1.5528
Ba5Pt2O9,mp-29787,1.9294999999999995
K2ScAuF6,mp-1112256,1.5837
Na5Fe3Ag2(As2O7)4,mp-1220973,1.8185
NaAgF4,mp-7386,1.5463999999999998
Sr2Mg(AgO2)2,mp-2228172,1.849
K2PtN4(ClO4)2,mp-669540,1.9353
H24PdC8(NCl2)2,mp-707284,1.8282
Os2(CO)7,mp-28636,1.9918
RhC2ClO2,mp-654105,1.7196
Co2H36Pt3(NCl)12,mp-1195200,1.7355
K2PtS15,mp-652663,1.6801
K2P4PtWClO10,mp-1212425,1.7432999999999998
KMnAg3(CN)6,mp-571384,1.544
Ag2Mo2O7,mp-560276,1.8834
LiAuS,mp-29829,1.5804
B8PH24RhC7,mp-1196243,1.6749999999999998
CsAu2F7,mp-554737,1.7961999999999998
RhPb2F7,mp-14276,1.7702
MnPtF6,mp-557668,1.8416
LiNiRhF6,mp-1222366,1.6961
NbAgO3,mp-1203481,1.7362000000000002
K4Au6S5,mp-29341,1.5841999999999998
CdPdF6,mp-13984,1.7751
Ag6Mo2ClO7F3,mp-553919,1.5595
Rb2BaPt2(CN)8,mp-637582,1.7071
AgP(OF)2,mp-1194585,1.9686
VAg2PO6,mp-558255,1.835
Cs2PdC2,mp-505824,1.7513999999999998
Rb2Ag4Pd3(NO2)12,mp-558305,1.7326
K2Ag2GeS4,mp-558500,1.6880000000000002
AuS3(O3F)3,mp-560021,1.5564
BaNdAgS3,mp-1095616,1.6623
H8PdS8(NO13)2,mp-1194780,1.5619
AgAsS16N16(O4F3)2,mp-1196797,1.8455
ZnH24Au2C12S8(NCl)4,mp-1194676,1.6528
LiGeRhO4,mp-1222349,1.6894999999999998
AgAsS6N4(OF3)2,mp-649756,1.8583
Os3C8SO8,mp-648289,1.7639
H10IrC2(ClO)3,mp-1195804,1.9822
Os2C6SeO6,mp-651026,1.8468
Sn15Os3O14,mp-28456,1.5083000000000002
UVAgO6,mp-622619,1.6036
BaH8PtC4(NO)4,mp-720842,1.835
Cs2Pt,mp-13548,1.6743
H7AuN4O15,mp-1201215,1.9431
Pt(SCl4)2,mp-28721,1.9198
K2AgIrF6,mp-1112282,1.5151999999999997
K2AgAsCl6,mp-1112480,1.519
AlAgS2,mp-5782,1.8992
Rb2AgSbCl6,mp-1110803,1.6275
BH11AuC4IN2,mp-698289,1.9587
Mn2Pt(CO)12,mp-573318,1.7822
Ru4C12N2O13,mp-707955,1.57
NaAg(CO2)2,mp-985610,1.6802
AuCN,mp-29196,1.861
Ca4PdO6,mp-10299,1.8227
Li3RhF6,mp-1212121,1.6630999999999998
Cd(AgI2)2,mp-1025377,1.7741000000000002
Ag3AuS2,mp-34460,1.5633999999999997
FeAgP2O7,mp-1202376,1.8448
ZnAgAu2,mp-1095900,1.6909999999999998
Re2Pt(CO)12,mp-614325,1.8279
Ir2(Se3Cl2)3,mp-1196619,1.5989000000000002
KAuS5,mp-3592,1.7779
Cs2PdCl4,mp-1078085,1.839
MgAg4Te8(MoO12)2,mp-1234308,1.8628
PtS2,mp-762,1.5467000000000004
Na2Pd(SeO4)2,mp-559068,1.5109
Sm2NiPtO6,mp-1208922,1.6680999999999997
MgHAu2F11,mp-1202806,1.6864
LiAgF2,mp-752927,1.6817
H26Pd4Pt(C11O8)2,mp-1195183,1.8833
K2PtCl4,mp-22934,1.8196
Na2FeAgF6,mp-1111331,1.7821
Mg(AuF4)2,mp-8708,1.6964
CsAuO2,mp-997024,1.5219000000000005
Na2AgAsF6,mp-1111093,1.9406
AuCS2Cl3,mp-556112,1.8955
K2Pt(NO2)4,mp-669498,1.9671
RbCdAuS2,mp-558536,1.9376
K6NaAu2IO8,mp-555392,1.8846
La4Au2O9,mp-9160,1.9691
Cs2AgAu,mp-1097285,1.975
ZnAgPO4,mp-1193999,1.7382
Ir2(Se3Br2)3,mp-1195597,1.5193
Nd2Au5F21,mp-14716,1.7722
Bi2Pd(SeO3)4,mp-1201497,1.7711
Gd2Au5F21,mp-557726,1.5508000000000002
Rb2MoAuF6,mp-1110587,1.5341
LiRhO2,mp-14115,1.5153
Ag2Mo2O7,mp-27966,1.5567
Ru(C4N3)2,mp-1246365,1.8156
Na3AuO3,mp-768915,1.8237
ScAgO2,mp-1096798,1.7866000000000002
HoAgS2,mp-18262,1.7796999999999996
Rb3RuF6,mp-1238967,1.8235
BaPd(SeO3)2,mp-1205352,1.6510999999999998
BaLaAgSe3,mp-1101818,1.6435
K2YAuBr6,mp-1112058,1.8862
H2Os3(CO)10,mp-600347,1.7320000000000002
Sm2ZnPtO6,mp-1208902,1.7044
Sm2Au5F21,mp-8778,1.7613
Li3RhF6,mp-1237062,1.9018
Tl3Cr4AgO14,mp-1203083,1.976
LiAgF2,mp-759658,1.527
H12RuC4S2N(ClO)3,mp-1204316,1.8301
AgC3N3O,mp-650510,1.5118
TaAgO3,mp-9890,1.6614999999999998
Er2Au5F21,mp-541347,1.7014999999999998
H2Ru4(CO)13,mp-721193,1.7978999999999998
Ba6LiNb2Ir(ClO6)2,mp-1235230,1.5715
H9RhC5NO5,mp-1196715,1.8303
K3SnIrCl8,mp-568970,1.5941
AuBr,mp-570140,1.9716
K5V9H20PtO37,mp-1194921,1.9297
Si2TeH22Pd(C4Cl)2,mp-1204279,1.7525
BaAu2(SO4)4,mp-1190864,1.7853
VAgOF4,mp-1194388,1.9517
Nd4Au2O9,mp-3374,1.9966
MgAg4Te8(MoO12)2,mp-1233805,1.8628
Ag3Mo3AsO13,mp-1214986,1.7696
Mn3Ag2(P2O7)2,mp-542161,1.7732
K2AgBiBr6,mp-1110921,1.5765
Li2AgF3,mp-759198,1.8653
KGeAuS3,mp-554859,1.9974
Hg(AuF4)2,mp-29170,1.5738
Sm2CoPtO6,mp-1208920,1.7723000000000004
Ba6LiNb2Ir(ClO6)2,mp-1232980,1.5718
La5AgS8,mp-37478,1.5947000000000005
H2Os4Pt(CO)15,mp-740758,1.8919
Rb2NbAgSe4,mp-662241,1.7691
Al2Ag2Bi2S3Cl8,mp-1194539,1.9032
K3RhCl6,mp-28837,1.7025
Sm4Ag2Se7,mp-675430,1.5147
Li3RhF6,mp-1111070,1.8808
Dy2Au5F21,mp-1213210,1.5532
NaTl2RhF6,mp-14037,1.7848000000000002
LiAgF2,mp-752549,1.6547999999999998
OsC3I2O3,mp-616196,1.7956
K2GdAuCl6,mp-1112068,1.5861999999999998
H13RuC6SN4O8F9,mp-1203926,1.9685
Ag3SbS3,mp-555269,1.5142000000000002
AlAg(PSe3)2,mp-1228964,1.6205999999999996
KAuSe,mp-9881,1.816
La4Ag2Se7,mp-675223,1.5201000000000002
Tl5Ag3(PS3)4,mp-1195546,1.6724
CsAuS,mp-1077383,1.8832
CoHRu3(CO)13,mp-734828,1.6203
K2Au(IO3)5,mp-1195201,1.9927
Na2H4PtC4Br2(N2O)2,mp-706285,1.7953
Ru3C10I2O9,mp-707821,1.9706
LiAg2(NO2)3,mp-1222677,1.7706
Si2AuN3,mp-1246525,1.7297999999999991
AuBr,mp-505366,1.6885
LiLa4AuO8,mp-560605,1.6583000000000006
Ca2V3Co2AgO12,mp-726140,1.6195000000000004
Ir(SeBr3)3,mp-1192469,1.6213
Ag4P2S7,mp-27482,1.6556000000000002
Li3Ag2F5,mp-759449,1.5188
MgAu2(SO4)4,mp-1194889,1.7625000000000002
K2Ag3Sb3S7,mp-1223709,1.8382
Er2Pt2O7,mp-756440,1.5404999999999998
K2PdC4(SN)4,mp-650023,1.585
LuAu2F9,mp-14802,1.9441
P2H24PdC12(BrN3)2,mp-708969,1.5577
RuS3Cl8,mp-29568,1.8602
Ho2MgAg2(WO4)4,mp-1233593,1.9614000000000005
TlAgAs2PbS5,mp-677611,1.5879999999999996
RhSCl5,mp-1179727,1.5419
Ca(AuO2)2,mp-2898,1.6618000000000004
K2AgAu,mp-1097515,1.9995000000000005
PtPbF6,mp-20458,1.9711
La3AgSnS7,mp-542888,1.9523
NaAg(NO2)2,mp-554048,1.8723
NbAg2(PS4)2,mp-554336,1.6183
KAg2SbS3,mp-1192667,1.6882999999999997
Sr2H4Pd,mp-1179173,1.8442
CsAg2AsS3,mp-866615,1.6273000000000002
Cs2Ti(AgS2)2,mp-10488,1.6053000000000002
Nd2ZnPtO6,mp-1209914,1.7003
Rb2InAgF6,mp-1110608,1.8555
GdNb5Ag2O15,mp-1212605,1.9167
TeAuCl7,mp-28330,1.5508000000000002
Rb2Ag2Sn(PSe3)3,mp-1199727,1.5971
K5Au(IO)2,mp-558332,1.882
BaY2PdO5,mp-9656,1.7879999999999998
AuSeCl7,mp-28372,1.7274
Ag4Mo2Se3O16,mp-558550,1.6559
Na2PtO3,mp-560860,1.5488
GaAg(PSe3)2,mp-654129,1.5033
Ag2PS3,mp-558469,1.7759000000000005
Rb2TlRhF6,mp-1113861,1.9393
H4Pd(NO4)2,mp-1204994,1.5519
Rb2Hg2PdCl8,mp-568252,1.8952
AsAuO4,mp-1095378,1.8671
Ba2H6Ru,mp-697038,1.8699
Rb3Ag9(SbS3)4,mp-1219697,1.6418000000000004
AuCl,mp-1120780,1.9497
RbAuS,mp-9010,1.9946
Na2ScAgF6,mp-1111316,1.7862
H6RuN3Cl3O,mp-553901,1.7486000000000002
AgSbS2,mp-627601,1.6033000000000002
Ag3H13SeN4O5,mp-695941,1.9349
Zn3InAgS5,mp-1215730,1.9247
K6Al11Si13Ag5O48,mp-1248154,1.7038
PtS4N3Cl,mp-557029,1.5035999999999998
SrAu2(SO4)4,mp-1197529,1.6783
OsO3F2,mp-28845,1.913
KAg3As2S5,mp-561304,1.6896999999999998
